{
  "davies": 3.459858909997839e-10,
  "estimates": {
    "const": {
      "estimate": 2185.232190063115,
      "se": 11.503875718862755,
      "confidence_interval": [
        2162.451384218337,
        2208.012995907893
      ],
      "t_stat": 189.95617159528405,
      "p_t": 1.3869325146666125e-148
    },
    "beta1": {
      "estimate": -2.950024549338044,
      "se": 0.7433168131636136,
      "confidence_interval": [
        -4.421994206839987,
        -1.4780548918361012
      ],
      "t_stat": -3.9687310943264045,
      "p_t": "-"
    },
    "breakpoint1": {
      "estimate": 27.224148308188106,
      "se": 4.4726851303119455,
      "confidence_interval": [
        18.36701406503981,
        36.0812825513364
      ],
      "t_stat": "-",
      "p_t": "-"
    },
    "beta2": {
      "estimate": -11.658317467969546,
      "se": 6.949657377543034,
      "confidence_interval": [
        -25.420531114448956,
        2.1038961785098635
      ],
      "t_stat": -1.6775384504050472,
      "p_t": "-"
    },
    "breakpoint2": {
      "estimate": 92.22015020541686,
      "se": 2.2875525629744584,
      "confidence_interval": [
        87.69017334627908,
        96.75012706455463
      ],
      "t_stat": "-",
      "p_t": "-"
    },
    "beta3": {
      "estimate": 14.040587526867427,
      "se": 6.980192928677095,
      "confidence_interval": [
        0.217905175861965,
        27.863269877872888
      ],
      "t_stat": 2.0114898929489096,
      "p_t": "-"
    },
    "breakpoint3": {
      "estimate": 98.3805010376121,
      "se": 1.8345953258089216,
      "confidence_interval": [
        94.74750282532598,
        102.01349924989823
      ],
      "t_stat": "-",
      "p_t": "-"
    },
    "alpha1": {
      "estimate": 2.6631194677115806,
      "se": 0.7180578691590215,
      "confidence_interval": [
        1.2411693960670567,
        4.0850695393561045
      ],
      "t_stat": 3.7087811193136644,
      "p_t": 0.00031886924000750405
    },
    "alpha2": {
      "estimate": -0.28690508162646333,
      "se": 0.19212699256095203,
      "confidence_interval": [
        -0.6673688333249922,
        0.09355867007206553
      ],
      "t_stat": -1.4933095959197045,
      "p_t": 0.1380252554129073
    },
    "alpha3": {
      "estimate": -11.945222549596009,
      "se": 6.947001143224882,
      "confidence_interval": [
        -25.7021761289677,
        1.8117310297756823
      ],
      "t_stat": -1.7194789958032008,
      "p_t": 0.0881491414928829
    },
    "alpha4": {
      "estimate": 2.0953649772714176,
      "se": 0.679903256048906,
      "confidence_interval": [
        0.7489714271493708,
        3.441758527393464
      ],
      "t_stat": 3.081857541686337,
      "p_t": 0.0025608840379560713
    }
  },
  "bic": 879.5164478806997,
  "rss": 99658.60338539336,
  "converged": true
}